{
  "project_info": {
    "project_number": "619083440211",
    "firebase_url": "https://goodbuy-8b890-default-rtdb.firebaseio.com",
    "project_id": "goodbuy-8b890",
    "storage_bucket": "goodbuy-8b890.appspot.com"
  },
  "client": [
    {
      "client_info": {
        "mobilesdk_app_id": "1:619083440211:android:a906903c4c82bbbac366a6",
        "android_client_info": {
          "package_name": "it.polito.laib_3"
        }
      },
      "oauth_client": [],
      "api_key": [
        {
          "current_key": "AIzaSyBvX0MJi-JImQxITm42WaHHNABkqsbNRPw"
        }
      ],
      "services": {
        "appinvite_service": {
          "other_platform_oauth_client": []
        }
      }
    }
  ],
  "configuration_version": "1"
}